Amino Acid,Manual Yield (mol/mol),Manual ATP Cons.,Manual Carb. Yield,LP Standard Yield (mol/mol),LP Standard ATP Cons.,LP Standard Carb. Yield,LP Unlimited Energy Yield (mol/mol),LP Unlimited Energy ATP Cons.,LP Unlimited Energy Carb. Yield
A,0.5,-1,0.75,0.5,1,0.75,0.5,1,0.75
R,0.27,5,0.81,0.25,0,0.74,0.33,-7.5,1
N,0.47,1,0.93,0.47,0,0.95,0.5,-0.75,1
D,0.5,-1,1,0.5,0.25,1,0.5,0.25,1
C,0.32,8,0.48,0.27,0,0.4,0.5,-12.25,0.75
E,0.33,-2,0.83,0.33,0.75,0.83,0.33,0.75,0.83
Q,0.33,-1,0.83,0.33,1.75,0.83,0.33,1.75,0.83
G,0.5,-2,0.5,0.71,0,0.71,1,-3.5,1
H,0.19,7.67,0.57,0.22,0,0.66,0.3,-13.25,0.9
I,0.21,6,0.62,0.2,0,0.6,0.25,-7,0.75
L,0.2,-5,0.6,0.2,3.25,0.6,0.2,3.25,0.6
K,0.22,4,0.66,0.21,0,0.64,0.25,-4.75,0.75
M,0.19,17,0.47,0.16,0,0.41,0.5,-35,1.25
F,0.14,2.33,0.64,0.14,0,0.64,0.15,-2.75,0.68
P,0.29,3,0.73,0.29,0,0.71,0.33,-3.5,0.83
S,0.5,-2,0.75,0.5,1.25,0.75,0.5,1.25,0.75
T,0.37,5,0.74,0.35,0,0.7,0.5,-6,1
W,0.11,6,0.62,0.12,0,0.65,0.13,-3.25,0.69
Y,0.15,0.33,0.67,0.15,0,0.66,0.15,-1,0.68
V,0.25,-2,0.63,0.25,2.25,0.63,0.25,2.25,0.63
